Match Referee,Third Umpire,Toss,Venue,Umpires,Time,Date,Match
 M Nayyar , KN Anantha Padmanabhan , England Women won the toss and opt to bat ," Brabourne Stadium, Mumbai "," Saiyed Khalid, Rohan Pandit ", 04:30 AM GMT ," Thursday, March 29, 2018 "," INDW vs ENGW, 6th Match, Womens T20I Tri-Series in India, 2018 "
Match Referee,Third Umpire,Toss,Venue,Umpires,Time,Date,Match
 M Nayyar , KN Anantha Padmanabhan , England Women won the toss and opt to bat ," Brabourne Stadium, Mumbai "," Saiyed Khalid, Rohan Pandit ", 04:30 AM GMT ," Thursday, March 29, 2018 "," INDW vs ENGW, 6th Match, Womens T20I Tri-Series in India, 2018 "
Match Referee,Third Umpire,Toss,Venue,Umpires,Time,Date,Match
 M Nayyar , KN Anantha Padmanabhan , England Women won the toss and opt to bat ," Brabourne Stadium, Mumbai "," Saiyed Khalid, Rohan Pandit ", 04:30 AM GMT ," Thursday, March 29, 2018 "," INDW vs ENGW, 6th Match, Womens T20I Tri-Series in India, 2018 "
Match Referee,Third Umpire,Toss,Venue,Umpires,Time,Date,match_result,Match
 M Nayyar , KN Anantha Padmanabhan , England Women won the toss and opt to bat ," Brabourne Stadium, Mumbai "," Saiyed Khalid, Rohan Pandit ", 04:30 AM GMT ," Thursday, March 29, 2018 ",India Women won by 8 wkts," INDW vs ENGW, 6th Match, Womens T20I Tri-Series in India, 2018 "
Match Referee,Third Umpire,Toss,Venue,Umpires,Time,Date,match_result,Match
 M Nayyar , KN Anantha Padmanabhan , England Women won the toss and opt to bat ," Brabourne Stadium, Mumbai "," Saiyed Khalid, Rohan Pandit ", 04:30 AM GMT ," Thursday, March 29, 2018 ",India Women won by 8 wkts," INDW vs ENGW, 6th Match, Womens T20I Tri-Series in India, 2018 "
